<?xml version="1.1" encoding="UTF-8"?>
<expression:EMFExpression xmi:version="2.0" xmlns:xmi="http://www.omg.org/XMI" xmlns:expression="http:///expression.ecore" id="tMap_2=>" expression="row8.Country">
  <variables name="row8.Region" value="null" talendType="id_String" nullable="true"/>
  <variables name="row8.Country" value="null" talendType="id_String" nullable="true"/>
  <variables name="row8.Item_Type" value="null" talendType="id_String" nullable="true"/>
  <variables name="row8.Sales_Channel" value="null" talendType="id_String" nullable="true"/>
  <variables name="row8.Order_Priority" value="null" talendType="id_Character" nullable="true"/>
  <variables name="row8.Order_Date" value="null" talendType="id_String" nullable="true"/>
  <variables name="row8.Ship_Date" value="null" talendType="id_String" nullable="true"/>
  <variables name="row8.Order_Year" value="null" talendType="id_Integer" nullable="true"/>
  <variables name="row8.Units_Sold" value="null" talendType="id_Integer" nullable="true"/>
  <variables name="row8.Unit_Price" value="null" talendType="id_Float" nullable="true"/>
  <variables name="row8.Unit_Cost" value="null" talendType="id_Float" nullable="true"/>
</expression:EMFExpression>
